epoch,time,train/box_loss,train/cls_loss,train/dfl_loss,metrics/precision(B),metrics/recall(B),metrics/mAP50(B),metrics/mAP50-95(B),val/box_loss,val/cls_loss,val/dfl_loss,lr/pg0,lr/pg1,lr/pg2
1,22.3819,1.41865,2.98063,1.35296,0.64126,0.52577,0.52284,0.25005,1.60028,1.78323,1.56379,0.00056,0.00056,0.00056
2,36.4259,1.275,0.96329,1.30614,0.00088,0.03093,0.00021,5e-05,4.4472,219.039,5.71603,0.00112388,0.00112388,0.00112388
3,51.3935,1.21384,0.76997,1.24303,0.00227,0.35052,0.00156,0.00049,3.35044,inf,32.1338,0.00167135,0.00167135,0.00167135
4,65.2034,1.24379,0.72763,1.27136,0.00123,0.01031,0.00022,9e-05,nan,nan,nan,0.00191514,0.00191514,0.00191514
5,79.15,1.1847,0.6554,1.22282,0.48822,0.58763,0.5355,0.24302,1.94947,1.49873,1.75657,0.00188686,0.00188686,0.00188686
6,92.9454,1.16644,0.60559,1.20983,0.54875,0.52577,0.53476,0.29695,1.80351,1.28375,1.61675,0.00185857,0.00185857,0.00185857
7,107.014,1.10141,0.59087,1.16903,0.66138,0.72165,0.71918,0.43259,1.50552,1.07454,1.52199,0.00183029,0.00183029,0.00183029
8,121.066,1.1369,0.58406,1.1561,0.97685,1,0.99184,0.69549,1.13116,0.50452,1.25472,0.001802,0.001802,0.001802
9,135.078,1.09115,0.56308,1.1623,0.97523,1,0.99241,0.68582,1.18799,0.54522,1.32292,0.00177371,0.00177371,0.00177371
10,149.21,1.0774,0.55546,1.14743,0.98256,0.94845,0.98737,0.66399,1.2043,0.6058,1.33345,0.00174543,0.00174543,0.00174543
11,163.151,1.09747,0.53239,1.15833,0.97577,0.97938,0.97856,0.68815,1.15636,0.51572,1.26766,0.00171714,0.00171714,0.00171714
12,177.627,1.05799,0.53986,1.16283,0.97978,0.99919,0.99303,0.74534,1.03777,0.48586,1.1863,0.00168886,0.00168886,0.00168886
13,192.122,1.08898,0.53652,1.15425,0.9777,1,0.99283,0.75946,1.00669,0.46657,1.1676,0.00166057,0.00166057,0.00166057
14,206.598,1.08715,0.53041,1.15125,0.98953,0.97407,0.9914,0.72925,1.08436,0.48553,1.22183,0.00163229,0.00163229,0.00163229
15,220.821,1.05963,0.52973,1.1529,0.98943,1,0.99276,0.73554,1.06428,0.44533,1.21408,0.001604,0.001604,0.001604
16,234.743,1.06761,0.51896,1.11587,0.98004,1,0.99306,0.75251,0.99333,0.46417,1.14807,0.00157571,0.00157571,0.00157571
17,248.579,1.04211,0.50508,1.12596,0.92203,0.97527,0.98741,0.7145,1.10056,0.52898,1.22982,0.00154743,0.00154743,0.00154743
18,263.164,1.05928,0.50708,1.13912,0.98967,0.98741,0.99347,0.71016,1.10465,0.51071,1.21851,0.00151914,0.00151914,0.00151914
19,277.174,1.02444,0.48825,1.12888,0.98734,0.98969,0.99408,0.76813,0.98935,0.4614,1.15331,0.00149086,0.00149086,0.00149086
20,291.394,0.99992,0.4852,1.08904,0.98935,0.95778,0.99224,0.71636,1.0474,0.44842,1.20258,0.00146257,0.00146257,0.00146257
21,305.307,1.02346,0.47303,1.11503,0.98894,1,0.99378,0.7638,0.95891,0.42778,1.13633,0.00143429,0.00143429,0.00143429
22,319.391,1.00741,0.4751,1.10532,0.98976,0.9968,0.99255,0.76768,1.01778,0.43738,1.17361,0.001406,0.001406,0.001406
23,333.802,0.97054,0.45186,1.0761,0.98978,0.99813,0.99449,0.76393,1.01285,0.41731,1.16448,0.00137771,0.00137771,0.00137771
24,348.01,0.99731,0.45441,1.10833,0.98593,1,0.99337,0.76931,0.9997,0.43513,1.14419,0.00134943,0.00134943,0.00134943
25,362.474,1.01533,0.47258,1.10106,0.98863,1,0.99388,0.72893,1.03528,0.43171,1.1716,0.00132114,0.00132114,0.00132114
26,376.348,0.98801,0.46145,1.09375,0.97777,0.98969,0.99311,0.73899,1.03202,0.43429,1.16449,0.00129286,0.00129286,0.00129286
27,390.881,1.00941,0.46442,1.10358,0.96897,0.96567,0.98973,0.77295,0.95472,0.50892,1.13195,0.00126457,0.00126457,0.00126457
28,404.849,0.98446,0.46533,1.09422,0.98895,1,0.99459,0.76651,0.99473,0.39539,1.15549,0.00123629,0.00123629,0.00123629
29,418.88,0.9666,0.43806,1.07905,0.98877,1,0.99459,0.77945,0.96493,0.38523,1.14333,0.001208,0.001208,0.001208
30,432.781,0.96732,0.44636,1.09467,0.98903,1,0.99459,0.7801,0.95767,0.40438,1.12573,0.00117971,0.00117971,0.00117971
31,446.861,0.97314,0.44773,1.08927,0.97934,0.97751,0.98977,0.75597,0.98209,0.44264,1.14504,0.00115143,0.00115143,0.00115143
32,461.021,0.96295,0.44232,1.09003,0.98893,1,0.99439,0.75596,1.01127,0.41101,1.16961,0.00112314,0.00112314,0.00112314
33,475.244,0.95325,0.43438,1.08041,0.98877,1,0.9948,0.79227,0.9724,0.37613,1.12777,0.00109486,0.00109486,0.00109486
34,490.349,0.95457,0.42667,1.06548,0.98835,1,0.99449,0.76396,0.95441,0.39427,1.12715,0.00106657,0.00106657,0.00106657
35,504.427,0.94545,0.41792,1.05879,0.98906,1,0.99439,0.79353,0.93453,0.37907,1.11582,0.00103829,0.00103829,0.00103829
36,518.858,0.95369,0.42926,1.06344,0.98879,1,0.99459,0.79073,0.93858,0.37378,1.12834,0.00101,0.00101,0.00101
37,532.733,0.94629,0.42694,1.07099,0.98845,1,0.99439,0.77654,0.95396,0.37956,1.1371,0.000981714,0.000981714,0.000981714
38,546.72,0.92007,0.40843,1.06549,0.98918,1,0.99449,0.78359,0.96113,0.36658,1.12571,0.000953429,0.000953429,0.000953429
39,560.596,0.94872,0.40695,1.07159,0.98896,1,0.9948,0.76361,0.94501,0.36524,1.11166,0.000925143,0.000925143,0.000925143
40,574.87,0.94239,0.41169,1.05952,0.98892,1,0.99439,0.79292,0.9388,0.37356,1.10965,0.000896857,0.000896857,0.000896857
41,588.821,0.9398,0.41239,1.09284,0.98977,0.99709,0.99378,0.78673,0.96775,0.40122,1.13569,0.000868571,0.000868571,0.000868571
42,602.728,0.94763,0.43839,1.07276,0.9883,1,0.9949,0.76991,0.93133,0.368,1.1005,0.000840286,0.000840286,0.000840286
43,616.943,0.9371,0.41018,1.06329,0.98893,1,0.99459,0.77906,0.95386,0.38774,1.12957,0.000812,0.000812,0.000812
44,631.435,0.93898,0.39941,1.07747,0.98913,1,0.9948,0.77845,0.95875,0.37042,1.12361,0.000783714,0.000783714,0.000783714
45,645.822,0.93022,0.40108,1.06008,0.9894,1,0.995,0.79739,0.95072,0.36931,1.12613,0.000755429,0.000755429,0.000755429
46,659.661,0.92537,0.40667,1.07073,0.98927,1,0.99439,0.78834,0.93184,0.38876,1.12528,0.000727143,0.000727143,0.000727143
47,673.38,0.90139,0.39666,1.0539,0.98905,1,0.99439,0.79354,0.92172,0.35945,1.10879,0.000698857,0.000698857,0.000698857
48,687.161,0.90477,0.39398,1.05796,0.98906,1,0.9949,0.79458,0.89949,0.35708,1.09366,0.000670571,0.000670571,0.000670571
49,701.017,0.91318,0.3944,1.05871,0.98898,1,0.99469,0.79491,0.92051,0.35938,1.1078,0.000642286,0.000642286,0.000642286
50,714.756,0.90184,0.3982,1.0452,0.98945,1,0.9948,0.80236,0.9185,0.34908,1.10473,0.000614,0.000614,0.000614
51,729.014,0.90316,0.38488,1.04694,0.98758,1,0.99449,0.79318,0.92567,0.34906,1.11038,0.000585714,0.000585714,0.000585714
52,742.827,0.89203,0.38075,1.03047,0.98976,0.99674,0.99449,0.78467,0.94162,0.35141,1.11935,0.000557429,0.000557429,0.000557429
53,756.801,0.89788,0.37583,1.04711,0.98879,1,0.99429,0.80624,0.90884,0.34992,1.10023,0.000529143,0.000529143,0.000529143
54,771.261,0.89714,0.38865,1.06326,0.98866,1,0.99429,0.78745,0.96092,0.3533,1.13402,0.000500857,0.000500857,0.000500857
55,785.69,0.86902,0.37328,1.03628,0.98914,1,0.99439,0.79735,0.92223,0.33041,1.1146,0.000472571,0.000472571,0.000472571
56,800.1,0.87689,0.36577,1.03316,0.98923,1,0.99469,0.7984,0.91568,0.34291,1.11089,0.000444286,0.000444286,0.000444286
57,813.978,0.88278,0.37052,1.05467,0.98889,1,0.9948,0.79014,0.93558,0.35172,1.11996,0.000416,0.000416,0.000416
58,828.561,0.90003,0.38031,1.04303,0.98886,1,0.9948,0.80116,0.89859,0.33159,1.10046,0.000387714,0.000387714,0.000387714
59,843.073,0.88642,0.37774,1.05153,0.98896,1,0.9948,0.79465,0.91875,0.33841,1.1066,0.000359429,0.000359429,0.000359429
60,857.67,0.88684,0.38007,1.03202,0.98903,1,0.99469,0.7955,0.92482,0.34542,1.11015,0.000331143,0.000331143,0.000331143
61,874.992,0.85534,0.36928,1.07123,0.98897,1,0.9948,0.77129,0.92462,0.35332,1.11704,0.000302857,0.000302857,0.000302857
62,889.123,0.86167,0.35841,1.08395,0.98962,1,0.99469,0.79631,0.91769,0.34512,1.11262,0.000274571,0.000274571,0.000274571
63,903.273,0.86316,0.35637,1.07239,0.98906,1,0.9948,0.8054,0.91856,0.3389,1.11219,0.000246286,0.000246286,0.000246286
64,917.313,0.8466,0.34855,1.07475,0.98904,1,0.9949,0.79754,0.92335,0.3436,1.10898,0.000218,0.000218,0.000218
65,931.001,0.84375,0.34215,1.04683,0.98897,1,0.9949,0.80659,0.91938,0.33692,1.10516,0.000189714,0.000189714,0.000189714
66,944.811,0.85134,0.35396,1.06748,0.98904,1,0.9949,0.79489,0.92298,0.3295,1.10915,0.000161429,0.000161429,0.000161429
67,958.544,0.84107,0.34494,1.06574,0.98904,1,0.99469,0.7918,0.93734,0.33633,1.11476,0.000133143,0.000133143,0.000133143
68,972.778,0.83216,0.33835,1.05409,0.98904,1,0.9948,0.79887,0.92868,0.33203,1.10881,0.000104857,0.000104857,0.000104857
69,986.544,0.82837,0.33203,1.06185,0.98902,1,0.9948,0.80501,0.92568,0.32563,1.10587,7.65714e-05,7.65714e-05,7.65714e-05
70,999.96,0.82475,0.34414,1.0581,0.98903,1,0.9948,0.80656,0.92606,0.32745,1.1055,4.82857e-05,4.82857e-05,4.82857e-05
